Name,Year,Point,Boundary,Max_wl,GRAND_ID
A_Luoi,2012,"107.17235, 16.20304","107.150, 16.265, 107.290, 16.180",568,0
A_Vuong,2008,"107.616, 15.807","107.555, 15.870, 107.695, 15.790",388,7152
Alaingni,2003,"96.338, 17.263","96.320, 17.315, 96.395, 17.250",35,5144
